Protocol,Flow,RunID,Throughput_Kbps,RTT_ms,Loss_Pct
Reno,Flow1,1,49.5875,712.5508,4.2400
Reno,Flow2,1,50.2448,688.2082,4.0500
Reno,Flow1,2,49.8454,712.0786,4.0900
Reno,Flow2,2,50.0784,687.4255,4.1400
Reno,Flow1,3,50.145,688.1029,4.1600
Reno,Flow2,3,49.6624,712.6245,4.0600
Reno,Flow1,4,49.9702,688.6796,4.2200
Reno,Flow2,4,49.9203,710.6965,4.1000
Reno,Flow1,5,49.6291,713.2956,4.0900
Reno,Flow2,5,50.2614,686.7743,4.1700
Reno,Flow1,6,50.2198,687.6868,4.1700
Reno,Flow2,6,49.6125,713.3857,4.1100
Reno,Flow1,7,49.6208,713.3472,4.1100
Reno,Flow2,7,50.2365,688.1962,4.1400
Reno,Flow1,8,49.8205,689.6025,4.2200
Reno,Flow2,8,50.095,709.9299,4.0700
Reno,Flow1,9,49.9619,710.9563,4.1000
Reno,Flow2,9,49.9786,688.5399,4.2200
Reno,Flow1,10,49.5875,712.5580,4.2400
Reno,Flow2,10,50.2448,688.2085,4.0500
Reno,Flow1,AVERAGE,49.83,702.88,4.16
Reno,Flow2,AVERAGE,50.03,697.39,4.11
Tahoe,Flow1,1,50.2698,660.6327,3.5400
Tahoe,Flow2,1,49.6458,661.3558,3.4700
Tahoe,Flow1,2,49.8371,668.6329,3.5700
Tahoe,Flow2,2,50.0867,641.1036,3.6100
Tahoe,Flow1,3,50.2531,640.8793,3.6600
Tahoe,Flow2,3,49.6624,668.9529,3.5300
Tahoe,Flow1,4,50.0784,668.6384,3.6600
Tahoe,Flow2,4,49.8371,641.7075,3.5500
Tahoe,Flow1,5,49.8621,661.0368,3.4700
Tahoe,Flow2,5,50.1117,661.5745,3.6300
Tahoe,Flow1,6,50.095,661.5529,3.6100
Tahoe,Flow2,6,49.8288,661.2890,3.4600
Tahoe,Flow1,7,49.8454,661.3102,3.4900
Tahoe,Flow2,7,50.1034,661.6874,3.6100
Tahoe,Flow1,8,50.1949,642.1258,3.6500
Tahoe,Flow2,8,49.729,668.9454,3.5300
Tahoe,Flow1,9,49.7789,668.6366,3.5300
Tahoe,Flow2,9,50.1616,641.2577,3.6500
Tahoe,Flow1,10,50.2698,660.6327,3.5400
Tahoe,Flow2,10,49.6458,661.3359,3.4700
Tahoe,Flow1,AVERAGE,50.04,659.40,3.57
Tahoe,Flow2,AVERAGE,49.88,656.92,3.55
Vegas,Flow1,1,44.488,718.6274,.0700
Vegas,Flow2,1,55.432,719.8281,.0500
Vegas,Flow1,2,33.312,479.9742,.0400
Vegas,Flow2,2,66.616,480.0804,.0400
Vegas,Flow1,3,44.52,718.3409,.0700
Vegas,Flow2,3,55.4,719.8524,.0700
Vegas,Flow1,4,66.608,480.0826,.0400
Vegas,Flow2,4,33.312,479.9698,.0400
Vegas,Flow1,5,55.464,719.8643,.0500
Vegas,Flow2,5,44.504,718.8429,.0700
Vegas,Flow1,6,44.488,718.9007,.0700
Vegas,Flow2,6,55.432,719.9179,.0800
Vegas,Flow1,7,33.296,480.2363,.0400
Vegas,Flow2,7,66.648,480.0079,.0400
Vegas,Flow1,8,44.48,718.8142,.0700
Vegas,Flow2,8,55.44,719.8730,.0700
Vegas,Flow1,9,49.96,319.9592,.0100
Vegas,Flow2,9,49.984,319.9295,.0300
Vegas,Flow1,10,44.488,718.6274,.0700
Vegas,Flow2,10,55.432,719.8281,.0500
Vegas,Flow1,AVERAGE,46.11,607.34,.05
Vegas,Flow2,AVERAGE,53.82,607.81,.05
